{
    "info": {
        "name": "Universal Node.js Server API",
        "description": "Complete API collection for testing the Universal Node.js Server",
        "schema": "https://schema.getpostman.com/json/collection/v2.1.0/collection.json"
    },
    "variable": [
        {
            "key": "baseUrl",
            "value": "http://localhost:3000/api/v1"
        },
        {
            "key": "token",
            "value": ""
        }
    ],
    "item": [
        {
            "name": "Authentication",
            "item": [
                {
                    "name": "Register User",
                    "request": {
                        "method": "POST",
                        "header": [
                            {
                                "key": "Content-Type",
                                "value": "application/json"
                            }
                        ],
                        "body": {
                            "mode": "raw",
                            "raw": "{\n  \"username\": \"testuser\",\n  \"email\": \"test@example.com\",\n  \"password\": \"password123\",\n  \"role\": \"user\"\n}"
                        },
                        "url": {
                            "raw": "{{baseUrl}}/users/register",
                            "host": [
                                "{{baseUrl}}"
                            ],
                            "path": [
                                "users",
                                "register"
                            ]
                        }
                    }
                },
                {
                    "name": "Login",
                    "request": {
                        "method": "POST",
                        "header": [
                            {
                                "key": "Content-Type",
                                "value": "application/json"
                            }
                        ],
                        "body": {
                            "mode": "raw",
                            "raw": "{\n  \"username\": \"admin\",\n  \"password\": \"admin123\"\n}"
                        },
                        "url": {
                            "raw": "{{baseUrl}}/users/login",
                            "host": [
                                "{{baseUrl}}"
                            ],
                            "path": [
                                "users",
                                "login"
                            ]
                        }
                    }
                },
                {
                    "name": "Get Current User",
                    "request": {
                        "method": "GET",
                        "header": [
                            {
                                "key": "Authorization",
                                "value": "Bearer {{token}}"
                            }
                        ],
                        "url": {
                            "raw": "{{baseUrl}}/users/me",
                            "host": [
                                "{{baseUrl}}"
                            ],
                            "path": [
                                "users",
                                "me"
                            ]
                        }
                    }
                }
            ]
        },
        {
            "name": "User Management",
            "item": [
                {
                    "name": "Get All Users",
                    "request": {
                        "method": "GET",
                        "header": [
                            {
                                "key": "Authorization",
                                "value": "Bearer {{token}}"
                            }
                        ],
                        "url": {
                            "raw": "{{baseUrl}}/users?limit=50",
                            "host": [
                                "{{baseUrl}}"
                            ],
                            "path": [
                                "users"
                            ],
                            "query": [
                                {
                                    "key": "limit",
                                    "value": "50"
                                }
                            ]
                        }
                    }
                },
                {
                    "name": "Update Current User",
                    "request": {
                        "method": "PUT",
                        "header": [
                            {
                                "key": "Authorization",
                                "value": "Bearer {{token}}"
                            },
                            {
                                "key": "Content-Type",
                                "value": "application/json"
                            }
                        ],
                        "body": {
                            "mode": "raw",
                            "raw": "{\n  \"email\": \"newemail@example.com\",\n  \"customStatus\": \"Working on something cool\"\n}"
                        },
                        "url": {
                            "raw": "{{baseUrl}}/users/me",
                            "host": [
                                "{{baseUrl}}"
                            ],
                            "path": [
                                "users",
                                "me"
                            ]
                        }
                    }
                },
                {
                    "name": "Change Password",
                    "request": {
                        "method": "PUT",
                        "header": [
                            {
                                "key": "Authorization",
                                "value": "Bearer {{token}}"
                            },
                            {
                                "key": "Content-Type",
                                "value": "application/json"
                            }
                        ],
                        "body": {
                            "mode": "raw",
                            "raw": "{\n  \"currentPassword\": \"admin123\",\n  \"newPassword\": \"newpassword123\"\n}"
                        },
                        "url": {
                            "raw": "{{baseUrl}}/users/me/password",
                            "host": [
                                "{{baseUrl}}"
                            ],
                            "path": [
                                "users",
                                "me",
                                "password"
                            ]
                        }
                    }
                }
            ]
        },
        {
            "name": "App Management",
            "item": [
                {
                    "name": "Register App",
                    "request": {
                        "method": "POST",
                        "header": [
                            {
                                "key": "Authorization",
                                "value": "Bearer {{token}}"
                            },
                            {
                                "key": "Content-Type",
                                "value": "application/json"
                            }
                        ],
                        "body": {
                            "mode": "raw",
                            "raw": "{\n  \"name\": \"MyTestApp\",\n  \"description\": \"A test application\",\n  \"webhookUrl\": \"https://example.com/webhook\"\n}"
                        },
                        "url": {
                            "raw": "{{baseUrl}}/apps/register",
                            "host": [
                                "{{baseUrl}}"
                            ],
                            "path": [
                                "apps",
                                "register"
                            ]
                        }
                    }
                },
                {
                    "name": "Get All Apps",
                    "request": {
                        "method": "GET",
                        "header": [
                            {
                                "key": "Authorization",
                                "value": "Bearer {{token}}"
                            }
                        ],
                        "url": {
                            "raw": "{{baseUrl}}/apps",
                            "host": [
                                "{{baseUrl}}"
                            ],
                            "path": [
                                "apps"
                            ]
                        }
                    }
                },
                {
                    "name": "Generate SDK",
                    "request": {
                        "method": "POST",
                        "header": [
                            {
                                "key": "Authorization",
                                "value": "Bearer {{token}}"
                            },
                            {
                                "key": "Content-Type",
                                "value": "application/json"
                            }
                        ],
                        "body": {
                            "mode": "raw",
                            "raw": "{\n  \"baseUrl\": \"http://localhost:3000\"\n}"
                        },
                        "url": {
                            "raw": "{{baseUrl}}/apps/:appId/generate-sdk",
                            "host": [
                                "{{baseUrl}}"
                            ],
                            "path": [
                                "apps",
                                ":appId",
                                "generate-sdk"
                            ],
                            "variable": [
                                {
                                    "key": "appId",
                                    "value": "YOUR_APP_ID"
                                }
                            ]
                        }
                    }
                }
            ]
        },
        {
            "name": "Database Management",
            "item": [
                {
                    "name": "Get All Collections",
                    "request": {
                        "method": "GET",
                        "header": [
                            {
                                "key": "Authorization",
                                "value": "Bearer {{token}}"
                            }
                        ],
                        "url": {
                            "raw": "{{baseUrl}}/database/collections",
                            "host": [
                                "{{baseUrl}}"
                            ],
                            "path": [
                                "database",
                                "collections"
                            ]
                        }
                    }
                },
                {
                    "name": "Create Collection",
                    "request": {
                        "method": "POST",
                        "header": [
                            {
                                "key": "Authorization",
                                "value": "Bearer {{token}}"
                            },
                            {
                                "key": "Content-Type",
                                "value": "application/json"
                            }
                        ],
                        "body": {
                            "mode": "raw",
                            "raw": "{\n  \"name\": \"products\",\n  \"schema\": {\n    \"fields\": {\n      \"name\": { \"type\": \"string\", \"required\": true },\n      \"price\": { \"type\": \"number\", \"required\": true },\n      \"description\": { \"type\": \"string\", \"required\": false }\n    },\n    \"indexes\": [\"name\"]\n  }\n}"
                        },
                        "url": {
                            "raw": "{{baseUrl}}/database/collections",
                            "host": [
                                "{{baseUrl}}"
                            ],
                            "path": [
                                "database",
                                "collections"
                            ]
                        }
                    }
                },
                {
                    "name": "Get Documents",
                    "request": {
                        "method": "GET",
                        "header": [
                            {
                                "key": "Authorization",
                                "value": "Bearer {{token}}"
                            }
                        ],
                        "url": {
                            "raw": "{{baseUrl}}/database/collections/:collectionName/documents",
                            "host": [
                                "{{baseUrl}}"
                            ],
                            "path": [
                                "database",
                                "collections",
                                ":collectionName",
                                "documents"
                            ],
                            "variable": [
                                {
                                    "key": "collectionName",
                                    "value": "users"
                                }
                            ]
                        }
                    }
                },
                {
                    "name": "Insert Document",
                    "request": {
                        "method": "POST",
                        "header": [
                            {
                                "key": "Authorization",
                                "value": "Bearer {{token}}"
                            },
                            {
                                "key": "Content-Type",
                                "value": "application/json"
                            }
                        ],
                        "body": {
                            "mode": "raw",
                            "raw": "{\n  \"name\": \"Test Product\",\n  \"price\": 99.99,\n  \"description\": \"A test product\"\n}"
                        },
                        "url": {
                            "raw": "{{baseUrl}}/database/collections/:collectionName/documents",
                            "host": [
                                "{{baseUrl}}"
                            ],
                            "path": [
                                "database",
                                "collections",
                                ":collectionName",
                                "documents"
                            ],
                            "variable": [
                                {
                                    "key": "collectionName",
                                    "value": "products"
                                }
                            ]
                        }
                    }
                },
                {
                    "name": "Query Documents",
                    "request": {
                        "method": "POST",
                        "header": [
                            {
                                "key": "Authorization",
                                "value": "Bearer {{token}}"
                            },
                            {
                                "key": "Content-Type",
                                "value": "application/json"
                            }
                        ],
                        "body": {
                            "mode": "raw",
                            "raw": "{\n  \"query\": {\n    \"price\": { \"$gt\": 50 }\n  },\n  \"options\": {\n    \"limit\": 10,\n    \"sort\": { \"price\": -1 }\n  }\n}"
                        },
                        "url": {
                            "raw": "{{baseUrl}}/database/collections/:collectionName/query",
                            "host": [
                                "{{baseUrl}}"
                            ],
                            "path": [
                                "database",
                                "collections",
                                ":collectionName",
                                "query"
                            ],
                            "variable": [
                                {
                                    "key": "collectionName",
                                    "value": "products"
                                }
                            ]
                        }
                    }
                },
                {
                    "name": "Backup Database",
                    "request": {
                        "method": "POST",
                        "header": [
                            {
                                "key": "Authorization",
                                "value": "Bearer {{token}}"
                            },
                            {
                                "key": "Content-Type",
                                "value": "application/json"
                            }
                        ],
                        "body": {
                            "mode": "raw",
                            "raw": "{\n  \"name\": \"manual-backup\"\n}"
                        },
                        "url": {
                            "raw": "{{baseUrl}}/database/backup",
                            "host": [
                                "{{baseUrl}}"
                            ],
                            "path": [
                                "database",
                                "backup"
                            ]
                        }
                    }
                },
                {
                    "name": "Export Database",
                    "request": {
                        "method": "GET",
                        "header": [
                            {
                                "key": "Authorization",
                                "value": "Bearer {{token}}"
                            }
                        ],
                        "url": {
                            "raw": "{{baseUrl}}/database/export",
                            "host": [
                                "{{baseUrl}}"
                            ],
                            "path": [
                                "database",
                                "export"
                            ]
                        }
                    }
                },
                {
                    "name": "Get Database Stats",
                    "request": {
                        "method": "GET",
                        "header": [
                            {
                                "key": "Authorization",
                                "value": "Bearer {{token}}"
                            }
                        ],
                        "url": {
                            "raw": "{{baseUrl}}/database/stats",
                            "host": [
                                "{{baseUrl}}"
                            ],
                            "path": [
                                "database",
                                "stats"
                            ]
                        }
                    }
                }
            ]
        },
        {
            "name": "AI Features",
            "item": [
                {
                    "name": "Generate Schema from Prompt",
                    "request": {
                        "method": "POST",
                        "header": [
                            {
                                "key": "Authorization",
                                "value": "Bearer {{token}}"
                            },
                            {
                                "key": "Content-Type",
                                "value": "application/json"
                            }
                        ],
                        "body": {
                            "mode": "raw",
                            "raw": "{\n  \"prompt\": \"Create a blog system with posts, comments, and tags\"\n}"
                        },
                        "url": {
                            "raw": "{{baseUrl}}/database/collections/generate",
                            "host": [
                                "{{baseUrl}}"
                            ],
                            "path": [
                                "database",
                                "collections",
                                "generate"
                            ]
                        }
                    }
                },
                {
                    "name": "Generate Complete App",
                    "request": {
                        "method": "POST",
                        "header": [
                            {
                                "key": "Authorization",
                                "value": "Bearer {{token}}"
                            },
                            {
                                "key": "Content-Type",
                                "value": "application/json"
                            }
                        ],
                        "body": {
                            "mode": "raw",
                            "raw": "{\n  \"description\": \"A task management system with projects, teams, and deadlines\"\n}"
                        },
                        "url": {
                            "raw": "{{baseUrl}}/ai/generate-app",
                            "host": [
                                "{{baseUrl}}"
                            ],
                            "path": [
                                "ai",
                                "generate-app"
                            ]
                        }
                    }
                },
                {
                    "name": "Get Optimization Suggestions",
                    "request": {
                        "method": "POST",
                        "header": [
                            {
                                "key": "Authorization",
                                "value": "Bearer {{token}}"
                            },
                            {
                                "key": "Content-Type",
                                "value": "application/json"
                            }
                        ],
                        "body": {
                            "mode": "raw",
                            "raw": "{\n  \"context\": {\n    \"server\": \"universal-server\",\n    \"version\": \"1.0.0\",\n    \"collections\": 5,\n    \"users\": 100\n  }\n}"
                        },
                        "url": {
                            "raw": "{{baseUrl}}/ai/optimize",
                            "host": [
                                "{{baseUrl}}"
                            ],
                            "path": [
                                "ai",
                                "optimize"
                            ]
                        }
                    }
                }
            ]
        },
        {
            "name": "System",
            "item": [
                {
                    "name": "Health Check",
                    "request": {
                        "method": "GET",
                        "header": [],
                        "url": {
                            "raw": "http://localhost:3000/health",
                            "protocol": "http",
                            "host": [
                                "localhost"
                            ],
                            "port": "3000",
                            "path": [
                                "health"
                            ]
                        }
                    }
                },
                {
                    "name": "Server Info",
                    "request": {
                        "method": "GET",
                        "header": [],
                        "url": {
                            "raw": "{{baseUrl}}/info",
                            "host": [
                                "{{baseUrl}}"
                            ],
                            "path": [
                                "info"
                            ]
                        }
                    }
                }
            ]
        }
    ]
}